
{
    "region" : "us-west-2",
    "configuration" : "Debug",
    "framework"     : "netcoreapp3.1",
    "self-contained" : false,
    "application"    : "WebAPI",
    "environment"    : "WebAPI-dev",
    "enable-xray"    : false,
    "enhanced-health-type" : "basic",
    "additional-options"   : "\"aws:autoscaling:launchconfiguration,SecurityGroups\"=\"sg-87d24eaf\";\"aws:ec2:vpc,Subnets\"=\"subnet-047c8f4e\"",
    "solution-stack"       : "64bit Amazon Linux 2 v2.0.1 running .NET Core",
    "environment-type"     : "SingleInstance",
    "cname"                : "webapi-dev",
    "instance-type"        : "t2.micro",
    "key-pair"             : "",
    "instance-profile"     : "aws-elasticbeanstalk-ec2-role",
    "service-role"         : "aws-elasticbeanstalk-service-role",
    "proxy-server"         : "nginx"
}